,Cluster Labels,Neighborhood,Borough,1st Common,2nd Common,3rd Common,4th Common,5th Common,6th Common,7th Common,8th Common,9th Common,10th Common,Latitude,Longitude
0,6,Adelaide,Downtown Toronto,Coffee Shop,Café,Bar,Steakhouse,Cosmetics Shop,Thai Restaurant,Burger Joint,Restaurant,Hotel,American Restaurant,43.65057120000001,-79.3845675
1,16,Agincourt,Scarborough,Breakfast Spot,Lounge,Skating Rink,Clothing Store,Yoga Studio,Eastern European Restaurant,Dog Run,Doner Restaurant,Donut Shop,Drugstore,43.7942003,-79.26202940000002
2,8,Agincourt North,Scarborough,Playground,Park,Yoga Studio,Dumpling Restaurant,Diner,Discount Store,Dog Run,Doner Restaurant,Donut Shop,Drugstore,43.8152522,-79.2845772
3,17,Albion Gardens,Etobicoke,Grocery Store,Pharmacy,Fried Chicken Joint,Pizza Place,Coffee Shop,Discount Store,Sandwich Place,Beer Store,Japanese Restaurant,Fast Food Restaurant,43.7394164,-79.5884369
4,16,Alderwood,Etobicoke,Pizza Place,Pharmacy,Coffee Shop,Sandwich Place,Pub,Skating Rink,Pool,Gym,Eastern European Restaurant,Dumpling Restaurant,43.60241370000001,-79.54348409999999
5,6,Bathurst Manor,North York,Coffee Shop,Pet Store,Fast Food Restaurant,Sushi Restaurant,Deli / Bodega,Middle Eastern Restaurant,Restaurant,Fried Chicken Joint,Frozen Yogurt Shop,Diner,43.7543283,-79.4422593
6,13,Bathurst Quay,Downtown Toronto,Airport Terminal,Airport Lounge,Harbor / Marina,Airport Service,Coffee Shop,Sculpture Garden,Boat or Ferry,Boutique,Airport Gate,Airport,43.6289467,-79.3944199
7,16,Bayview Village,North York,Café,Chinese Restaurant,Bank,Japanese Restaurant,Event Space,Ethiopian Restaurant,Empanada Restaurant,Electronics Store,Eastern European Restaurant,Diner,43.7869473,-79.385975
8,17,Beaumond Heights,Etobicoke,Grocery Store,Pharmacy,Fried Chicken Joint,Pizza Place,Coffee Shop,Discount Store,Sandwich Place,Beer Store,Japanese Restaurant,Fast Food Restaurant,43.7394164,-79.5884369
9,6,Bedford Park,North York,Coffee Shop,Italian Restaurant,Greek Restaurant,Indian Restaurant,Grocery Store,Pharmacy,Pizza Place,Pub,Café,Restaurant,43.7332825,-79.4197497
10,6,Berczy Park,Downtown Toronto,Coffee Shop,Cocktail Bar,Farmers Market,Steakhouse,Bakery,Seafood Restaurant,Café,Cheese Shop,Beer Bar,Jazz Club,43.6447708,-79.3733064
11,16,Birch Cliff,Scarborough,College Stadium,Skating Rink,General Entertainment,Café,Donut Shop,Dim Sum Restaurant,Diner,Discount Store,Dog Run,Doner Restaurant,43.692657,-79.2648481
12,16,Bloordale Gardens,Etobicoke,Pharmacy,Beer Store,Pizza Place,Coffee Shop,Convenience Store,Café,Shopping Plaza,Liquor Store,Park,General Travel,43.6435152,-79.57720079999999
13,16,Brockton,West Toronto,Coffee Shop,Breakfast Spot,Café,Performing Arts Venue,Yoga Studio,Stadium,Burrito Place,Restaurant,Caribbean Restaurant,Climbing Gym,43.6368472,-79.42819140000002
14,16,Business Reply Mail Processing Centre 969 Eastern,East Toronto,Light Rail Station,Yoga Studio,Garden,Smoke Shop,Farmers Market,Fast Food Restaurant,Spa,Burrito Place,Restaurant,Recording Studio,43.6627439,-79.321558
15,18,CFB Toronto,North York,Airport,Park,Yoga Studio,Eastern European Restaurant,Discount Store,Dog Run,Doner Restaurant,Donut Shop,Drugstore,Dumpling Restaurant,43.7374732,-79.46476329999999
16,13,CN Tower,Downtown Toronto,Airport Terminal,Airport Lounge,Harbor / Marina,Airport Service,Coffee Shop,Sculpture Garden,Boat or Ferry,Boutique,Airport Gate,Airport,43.6289467,-79.3944199
17,16,Cabbagetown,Downtown Toronto,Coffee Shop,Restaurant,Park,Bakery,Café,Pub,Pizza Place,Italian Restaurant,Breakfast Spot,Deli / Bodega,43.667967,-79.3676753
18,0,Caledonia-Fairbanks,York,Park,Women's Store,Fast Food Restaurant,Market,Comic Shop,Concert Hall,Farmers Market,Falafel Restaurant,Event Space,Ethiopian Restaurant,43.6890256,-79.453512
19,6,Canada Post Gateway Processing Centre,Mississauga,Coffee Shop,Hotel,Burrito Place,Sandwich Place,Middle Eastern Restaurant,American Restaurant,Fried Chicken Joint,Mediterranean Restaurant,Gym / Fitness Center,Eastern European Restaurant,43.6369656,-79.61581899999999
20,16,Cedarbrae,Scarborough,Hakka Restaurant,Bakery,Bank,Athletics & Sports,Caribbean Restaurant,Thai Restaurant,Fried Chicken Joint,Yoga Studio,Donut Shop,Dog Run,43.773136,-79.23947609999998
21,6,Central Bay Street,Downtown Toronto,Coffee Shop,Café,Italian Restaurant,Sandwich Place,Ice Cream Shop,Burger Joint,Chinese Restaurant,Indian Restaurant,Bubble Tea Shop,Middle Eastern Restaurant,43.6579524,-79.3873826
22,16,Chinatown,Downtown Toronto,Café,Vegetarian / Vegan Restaurant,Chinese Restaurant,Bar,Dumpling Restaurant,Mexican Restaurant,Vietnamese Restaurant,Bakery,Coffee Shop,Farmers Market,43.6532057,-79.4000493
23,16,Christie,Downtown Toronto,Café,Grocery Store,Park,Nightclub,Diner,Italian Restaurant,Baby Store,Athletics & Sports,Restaurant,Coffee Shop,43.669542,-79.4225637
24,6,Church and Wellesley,Downtown Toronto,Coffee Shop,Japanese Restaurant,Sushi Restaurant,Gay Bar,Restaurant,Hotel,Gastropub,Fast Food Restaurant,Mediterranean Restaurant,Dance Studio,43.6658599,-79.38315990000002
25,11,Clairlea,Scarborough,Bakery,Fast Food Restaurant,Metro Station,Bus Line,Soccer Field,Park,Concert Hall,Dog Run,Falafel Restaurant,Event Space,43.7111117,-79.2845772
26,16,Clarks Corners,Scarborough,Pizza Place,Pharmacy,Thai Restaurant,Noodle House,Chinese Restaurant,Breakfast Spot,Bank,Italian Restaurant,Fried Chicken Joint,Fast Food Restaurant,43.7816375,-79.3043021
27,4,Cliffcrest,Scarborough,American Restaurant,Motel,Dim Sum Restaurant,Discount Store,Dog Run,Doner Restaurant,Donut Shop,Drugstore,Dumpling Restaurant,Yoga Studio,43.716316,-79.23947609999998
28,4,Cliffside,Scarborough,American Restaurant,Motel,Dim Sum Restaurant,Discount Store,Dog Run,Doner Restaurant,Donut Shop,Drugstore,Dumpling Restaurant,Yoga Studio,43.716316,-79.23947609999998
29,16,Cliffside West,Scarborough,College Stadium,Skating Rink,General Entertainment,Café,Donut Shop,Dim Sum Restaurant,Diner,Discount Store,Dog Run,Doner Restaurant,43.692657,-79.2648481
30,2,Cloverdale,Etobicoke,Bank,Yoga Studio,Eastern European Restaurant,Dog Run,Doner Restaurant,Donut Shop,Drugstore,Dumpling Restaurant,Electronics Store,Diner,43.6509432,-79.55472440000001
31,6,Commerce Court,Downtown Toronto,Coffee Shop,Café,Hotel,Restaurant,American Restaurant,Italian Restaurant,Gastropub,Deli / Bodega,Steakhouse,Gym,43.6481985,-79.37981690000002
32,16,Davisville,Central Toronto,Dessert Shop,Sandwich Place,Coffee Shop,Thai Restaurant,Italian Restaurant,Pizza Place,Café,Restaurant,Sushi Restaurant,Gym,43.7043244,-79.3887901
33,16,Davisville North,Central Toronto,Breakfast Spot,Clothing Store,Restaurant,Food & Drink Shop,Sandwich Place,Hotel,Grocery Store,Gym,Park,Empanada Restaurant,43.7127511,-79.3901975
34,14,Deer Park,Central Toronto,Coffee Shop,Pub,American Restaurant,Bagel Shop,Restaurant,Fried Chicken Joint,Sports Bar,Supermarket,Sushi Restaurant,Pizza Place,43.68641229999999,-79.4000493
35,20,Del Ray,York,Discount Store,Restaurant,Sandwich Place,Bar,Convenience Store,Yoga Studio,Drugstore,Dog Run,Doner Restaurant,Donut Shop,43.6911158,-79.47601329999998
36,6,Design Exchange,Downtown Toronto,Coffee Shop,Café,Hotel,Restaurant,Gastropub,Bar,Bakery,American Restaurant,Italian Restaurant,Deli / Bodega,43.6471768,-79.38157640000001
37,16,Don Mills North,North York,Japanese Restaurant,Gym / Fitness Center,Caribbean Restaurant,Café,Donut Shop,Dim Sum Restaurant,Diner,Discount Store,Dog Run,Doner Restaurant,43.7459058,-79.352188
38,6,Don Mills South,North York,Gym,Coffee Shop,Asian Restaurant,Beer Store,Dim Sum Restaurant,Supermarket,Italian Restaurant,Restaurant,Discount Store,Sporting Goods Shop,43.72589970000001,-79.340923
39,21,Dorset Park,Scarborough,Indian Restaurant,Pet Store,Vietnamese Restaurant,Latin American Restaurant,Chinese Restaurant,Yoga Studio,Donut Shop,Diner,Discount Store,Dog Run,43.7574096,-79.27330400000002
40,16,Dovercourt Village,West Toronto,Pharmacy,Supermarket,Bakery,Art Gallery,Café,Middle Eastern Restaurant,Bar,Bank,Brewery,Music Venue,43.66900510000001,-79.4422593
41,11,Downsview,North York,Basketball Court,Bakery,Park,Construction & Landscaping,Yoga Studio,Dog Run,Doner Restaurant,Donut Shop,Drugstore,Dumpling Restaurant,43.71375620000001,-79.4900738
42,1,Downsview Central,North York,Food Truck,Baseball Field,Yoga Studio,Dog Run,Doner Restaurant,Donut Shop,Drugstore,Dumpling Restaurant,Eastern European Restaurant,Diner,43.7284964,-79.49569740000003
43,18,Downsview East,North York,Airport,Park,Yoga Studio,Eastern European Restaurant,Discount Store,Dog Run,Doner Restaurant,Donut Shop,Drugstore,Dumpling Restaurant,43.7374732,-79.46476329999999
44,6,Downsview North,North York,Coffee Shop,Pet Store,Fast Food Restaurant,Sushi Restaurant,Deli / Bodega,Middle Eastern Restaurant,Restaurant,Fried Chicken Joint,Frozen Yogurt Shop,Diner,43.7543283,-79.4422593
45,17,Downsview Northwest,North York,Discount Store,Athletics & Sports,Grocery Store,Liquor Store,Yoga Studio,Dumpling Restaurant,Dog Run,Doner Restaurant,Donut Shop,Drugstore,43.7616313,-79.52099940000002
46,0,Downsview West,North York,Shopping Mall,Park,Grocery Store,Bank,Hotel,Dumpling Restaurant,Discount Store,Dog Run,Doner Restaurant,Donut Shop,43.7390146,-79.5069436
47,16,Dufferin,West Toronto,Pharmacy,Supermarket,Bakery,Art Gallery,Café,Middle Eastern Restaurant,Bar,Bank,Brewery,Music Venue,43.66900510000001,-79.4422593
48,15,East Birchmount Park,Scarborough,Discount Store,Department Store,Hobby Shop,Coffee Shop,Convenience Store,Eastern European Restaurant,Dog Run,Doner Restaurant,Donut Shop,Drugstore,43.7279292,-79.26202940000002
49,0,East Toronto,East York,Park,Coffee Shop,Convenience Store,Yoga Studio,Dumpling Restaurant,Discount Store,Dog Run,Doner Restaurant,Donut Shop,Drugstore,43.685347,-79.3381065
50,12,Emery,North York,Paper / Office Supplies Store,Baseball Field,Yoga Studio,Dumpling Restaurant,Discount Store,Dog Run,Doner Restaurant,Donut Shop,Drugstore,Eastern European Restaurant,43.7247659,-79.53224240000002
51,16,Eringate,Etobicoke,Pharmacy,Beer Store,Pizza Place,Coffee Shop,Convenience Store,Café,Shopping Plaza,Liquor Store,Park,General Travel,43.6435152,-79.57720079999999
52,16,Exhibition Place,West Toronto,Coffee Shop,Breakfast Spot,Café,Performing Arts Venue,Yoga Studio,Stadium,Burrito Place,Restaurant,Caribbean Restaurant,Climbing Gym,43.6368472,-79.42819140000002
53,6,Fairview,North York,Clothing Store,Coffee Shop,Fast Food Restaurant,Japanese Restaurant,Toy / Game Store,Bakery,Shoe Store,Women's Store,Burger Joint,Restaurant,43.7785175,-79.3465557
54,6,First Canadian Place,Downtown Toronto,Coffee Shop,Café,Hotel,Restaurant,American Restaurant,Burger Joint,Seafood Restaurant,Deli / Bodega,Steakhouse,Asian Restaurant,43.6484292,-79.3822802
55,6,Flemingdon Park,North York,Gym,Coffee Shop,Asian Restaurant,Beer Store,Dim Sum Restaurant,Supermarket,Italian Restaurant,Restaurant,Discount Store,Sporting Goods Shop,43.72589970000001,-79.340923
56,0,Forest Hill North,Central Toronto,Park,Sushi Restaurant,Jewelry Store,Trail,Yoga Studio,Drugstore,Discount Store,Dog Run,Doner Restaurant,Donut Shop,43.6969476,-79.41130720000002
57,14,Forest Hill SE,Central Toronto,Coffee Shop,Pub,American Restaurant,Bagel Shop,Restaurant,Fried Chicken Joint,Sports Bar,Supermarket,Sushi Restaurant,Pizza Place,43.68641229999999,-79.4000493
58,0,Forest Hill West,Central Toronto,Park,Sushi Restaurant,Jewelry Store,Trail,Yoga Studio,Drugstore,Discount Store,Dog Run,Doner Restaurant,Donut Shop,43.6969476,-79.41130720000002
59,6,Garden District,Downtown Toronto,Coffee Shop,Clothing Store,Cosmetics Shop,Café,Japanese Restaurant,Theater,Italian Restaurant,Bakery,Fast Food Restaurant,Sporting Goods Shop,43.6571618,-79.37893709999999
60,0,Glencairn,North York,Pub,Pizza Place,Park,Japanese Restaurant,Sushi Restaurant,Yoga Studio,Diner,Discount Store,Dog Run,Doner Restaurant,43.709577,-79.44507259999997
61,11,Golden Mile,Scarborough,Bakery,Fast Food Restaurant,Metro Station,Bus Line,Soccer Field,Park,Concert Hall,Dog Run,Falafel Restaurant,Event Space,43.7111117,-79.2845772
62,16,Grange Park,Downtown Toronto,Café,Vegetarian / Vegan Restaurant,Chinese Restaurant,Bar,Dumpling Restaurant,Mexican Restaurant,Vietnamese Restaurant,Bakery,Coffee Shop,Farmers Market,43.6532057,-79.4000493
63,16,Guildwood,Scarborough,Pizza Place,Breakfast Spot,Medical Center,Electronics Store,Rental Car Location,Intersection,Mexican Restaurant,Yoga Studio,Doner Restaurant,Diner,43.7635726,-79.1887115
64,16,Harbord,Downtown Toronto,Café,Bakery,Bar,Japanese Restaurant,Bookstore,Sandwich Place,Restaurant,Poutine Place,Beer Bar,Beer Store,43.6626956,-79.4000493
65,6,Harbourfront,Downtown Toronto,Coffee Shop,Park,Café,Pub,Bakery,Mexican Restaurant,Breakfast Spot,Restaurant,Gym / Fitness Center,Theater,43.6542599,-79.3606359
66,6,Harbourfront East,Downtown Toronto,Coffee Shop,Hotel,Aquarium,Café,Fried Chicken Joint,Brewery,Scenic Lookout,Baseball Stadium,Sporting Goods Shop,Bakery,43.6408157,-79.38175229999997
67,13,Harbourfront West,Downtown Toronto,Airport Terminal,Airport Lounge,Harbor / Marina,Airport Service,Coffee Shop,Sculpture Garden,Boat or Ferry,Boutique,Airport Gate,Airport,43.6289467,-79.3944199
68,6,Henry Farm,North York,Clothing Store,Coffee Shop,Fast Food Restaurant,Japanese Restaurant,Toy / Game Store,Bakery,Shoe Store,Women's Store,Burger Joint,Restaurant,43.7785175,-79.3465557
69,16,High Park,West Toronto,Bar,Café,Mexican Restaurant,Park,Arts & Crafts Store,Discount Store,Bakery,Cajun / Creole Restaurant,Fried Chicken Joint,Furniture / Home Store,43.6616083,-79.46476329999999
70,10,Highland Creek,Scarborough,Golf Course,Bar,Dim Sum Restaurant,Discount Store,Dog Run,Doner Restaurant,Donut Shop,Drugstore,Dumpling Restaurant,Yoga Studio,43.7845351,-79.16049709999999
71,16,Hillcrest Village,North York,Mediterranean Restaurant,Dog Run,Pool,Golf Course,Yoga Studio,Drugstore,Diner,Discount Store,Doner Restaurant,Donut Shop,43.8037622,-79.3634517
72,1,Humber Bay,Etobicoke,Breakfast Spot,Pool,Baseball Field,Yoga Studio,Dumpling Restaurant,Discount Store,Dog Run,Doner Restaurant,Donut Shop,Drugstore,43.6362579,-79.49850909999998
73,16,Humber Bay Shores,Etobicoke,Pet Store,Bakery,Fried Chicken Joint,Fast Food Restaurant,Liquor Store,Mexican Restaurant,Pharmacy,Pizza Place,Coffee Shop,Restaurant,43.6056466,-79.50132070000002
74,22,Humber Summit,North York,Pizza Place,Empanada Restaurant,Drugstore,Dim Sum Restaurant,Diner,Discount Store,Dog Run,Doner Restaurant,Donut Shop,Dumpling Restaurant,43.7563033,-79.56596329999998
75,17,Humbergate,Etobicoke,Grocery Store,Pharmacy,Fried Chicken Joint,Pizza Place,Coffee Shop,Discount Store,Sandwich Place,Beer Store,Japanese Restaurant,Fast Food Restaurant,43.7394164,-79.5884369
76,12,Humberlea,North York,Paper / Office Supplies Store,Baseball Field,Yoga Studio,Dumpling Restaurant,Discount Store,Dog Run,Doner Restaurant,Donut Shop,Drugstore,Eastern European Restaurant,43.7247659,-79.53224240000002
77,16,Humewood-Cedarvale,York,Trail,Playground,Field,Hockey Arena,Yoga Studio,Diner,Discount Store,Dog Run,Doner Restaurant,Donut Shop,43.6937813,-79.42819140000002
78,16,India Bazaar,East Toronto,Park,Sandwich Place,Gym,Brewery,Food & Drink Shop,Italian Restaurant,Steakhouse,Fish & Chips Shop,Fast Food Restaurant,Burrito Place,43.6689985,-79.31557159999998
79,15,Ionview,Scarborough,Discount Store,Department Store,Hobby Shop,Coffee Shop,Convenience Store,Eastern European Restaurant,Dog Run,Doner Restaurant,Donut Shop,Drugstore,43.7279292,-79.26202940000002
80,13,Island airport,Downtown Toronto,Airport Terminal,Airport Lounge,Harbor / Marina,Airport Service,Coffee Shop,Sculpture Garden,Boat or Ferry,Boutique,Airport Gate,Airport,43.6289467,-79.3944199
81,2,Islington,Etobicoke,Bank,Yoga Studio,Eastern European Restaurant,Dog Run,Doner Restaurant,Donut Shop,Drugstore,Dumpling Restaurant,Electronics Store,Diner,43.6509432,-79.55472440000001
82,17,Jamestown,Etobicoke,Grocery Store,Pharmacy,Fried Chicken Joint,Pizza Place,Coffee Shop,Discount Store,Sandwich Place,Beer Store,Japanese Restaurant,Fast Food Restaurant,43.7394164,-79.5884369
83,20,Keelesdale,York,Discount Store,Restaurant,Sandwich Place,Bar,Convenience Store,Yoga Studio,Drugstore,Dog Run,Doner Restaurant,Donut Shop,43.6911158,-79.47601329999998
84,15,Kennedy Park,Scarborough,Discount Store,Department Store,Hobby Shop,Coffee Shop,Convenience Store,Eastern European Restaurant,Dog Run,Doner Restaurant,Donut Shop,Drugstore,43.7279292,-79.26202940000002
85,16,Kensington Market,Downtown Toronto,Café,Vegetarian / Vegan Restaurant,Chinese Restaurant,Bar,Dumpling Restaurant,Mexican Restaurant,Vietnamese Restaurant,Bakery,Coffee Shop,Farmers Market,43.6532057,-79.4000493
86,6,King,Downtown Toronto,Coffee Shop,Café,Bar,Steakhouse,Cosmetics Shop,Thai Restaurant,Burger Joint,Restaurant,Hotel,American Restaurant,43.65057120000001,-79.3845675
87,13,King and Spadina,Downtown Toronto,Airport Terminal,Airport Lounge,Harbor / Marina,Airport Service,Coffee Shop,Sculpture Garden,Boat or Ferry,Boutique,Airport Gate,Airport,43.6289467,-79.3944199
88,1,King's Mill Park,Etobicoke,Breakfast Spot,Pool,Baseball Field,Yoga Studio,Dumpling Restaurant,Discount Store,Dog Run,Doner Restaurant,Donut Shop,Drugstore,43.6362579,-79.49850909999998
89,3,Kingsview Village,Etobicoke,Pizza Place,Park,Mobile Phone Shop,Bus Line,Donut Shop,Diner,Discount Store,Dog Run,Doner Restaurant,Drugstore,43.6889054,-79.55472440000001
90,1,Kingsway Park South East,Etobicoke,Breakfast Spot,Pool,Baseball Field,Yoga Studio,Dumpling Restaurant,Discount Store,Dog Run,Doner Restaurant,Donut Shop,Drugstore,43.6362579,-79.49850909999998
91,16,Kingsway Park South West,Etobicoke,Bakery,Burrito Place,Wings Joint,Hardware Store,Gym,Grocery Store,Discount Store,Fast Food Restaurant,Flower Shop,Tanning Salon,43.6288408,-79.52099940000002
92,8,L'Amoreaux East,Scarborough,Playground,Park,Yoga Studio,Dumpling Restaurant,Diner,Discount Store,Dog Run,Doner Restaurant,Donut Shop,Drugstore,43.8152522,-79.2845772
93,17,L'Amoreaux West,Scarborough,Fast Food Restaurant,Chinese Restaurant,Pharmacy,Coffee Shop,Sandwich Place,Nail Salon,Breakfast Spot,Pizza Place,Grocery Store,Gym,43.79952520000001,-79.3183887
94,6,Lawrence Heights,North York,Clothing Store,Furniture / Home Store,Accessories Store,Miscellaneous Shop,Boutique,Vietnamese Restaurant,Coffee Shop,Arts & Crafts Store,Discount Store,Dog Run,43.718518,-79.46476329999999
95,6,Lawrence Manor,North York,Clothing Store,Furniture / Home Store,Accessories Store,Miscellaneous Shop,Boutique,Vietnamese Restaurant,Coffee Shop,Arts & Crafts Store,Discount Store,Dog Run,43.718518,-79.46476329999999
96,6,Lawrence Manor East,North York,Coffee Shop,Italian Restaurant,Greek Restaurant,Indian Restaurant,Grocery Store,Pharmacy,Pizza Place,Pub,Café,Restaurant,43.7332825,-79.4197497
97,3,Lawrence Park,Central Toronto,Park,Swim School,Bus Line,Yoga Studio,Drugstore,Discount Store,Dog Run,Doner Restaurant,Donut Shop,Dumpling Restaurant,43.7280205,-79.3887901
98,6,Leaside,East York,Coffee Shop,Sporting Goods Shop,Furniture / Home Store,Burger Joint,Clothing Store,Restaurant,Beer Store,Bike Shop,Smoothie Shop,Shopping Mall,43.7090604,-79.3634517
99,6,Little Portugal,West Toronto,Bar,Coffee Shop,Asian Restaurant,Café,French Restaurant,Vietnamese Restaurant,Restaurant,Men's Store,Vegetarian / Vegan Restaurant,New American Restaurant,43.647926700000006,-79.4197497
100,16,Long Branch,Etobicoke,Pizza Place,Pharmacy,Coffee Shop,Sandwich Place,Pub,Skating Rink,Pool,Gym,Eastern European Restaurant,Dumpling Restaurant,43.60241370000001,-79.54348409999999
101,5,Malvern,Scarborough,Fast Food Restaurant,Print Shop,Drugstore,Dim Sum Restaurant,Diner,Discount Store,Dog Run,Doner Restaurant,Donut Shop,Yoga Studio,43.8066863,-79.19435340000003
102,16,Markland Wood,Etobicoke,Pharmacy,Beer Store,Pizza Place,Coffee Shop,Convenience Store,Café,Shopping Plaza,Liquor Store,Park,General Travel,43.6435152,-79.57720079999999
103,2,Martin Grove,Etobicoke,Bank,Yoga Studio,Eastern European Restaurant,Dog Run,Doner Restaurant,Donut Shop,Drugstore,Dumpling Restaurant,Electronics Store,Diner,43.6509432,-79.55472440000001
104,3,Martin Grove Gardens,Etobicoke,Pizza Place,Park,Mobile Phone Shop,Bus Line,Donut Shop,Diner,Discount Store,Dog Run,Doner Restaurant,Drugstore,43.6889054,-79.55472440000001
105,16,Maryvale,Scarborough,Middle Eastern Restaurant,Breakfast Spot,Smoke Shop,Auto Garage,Bakery,Sandwich Place,Yoga Studio,Dog Run,Doner Restaurant,Donut Shop,43.7500715,-79.2958491
106,8,Milliken,Scarborough,Playground,Park,Yoga Studio,Dumpling Restaurant,Diner,Discount Store,Dog Run,Doner Restaurant,Donut Shop,Drugstore,43.8152522,-79.2845772
107,1,Mimico NE,Etobicoke,Breakfast Spot,Pool,Baseball Field,Yoga Studio,Dumpling Restaurant,Discount Store,Dog Run,Doner Restaurant,Donut Shop,Drugstore,43.6362579,-79.49850909999998
108,16,Mimico NW,Etobicoke,Bakery,Burrito Place,Wings Joint,Hardware Store,Gym,Grocery Store,Discount Store,Fast Food Restaurant,Flower Shop,Tanning Salon,43.6288408,-79.52099940000002
109,16,Mimico South,Etobicoke,Pet Store,Bakery,Fried Chicken Joint,Fast Food Restaurant,Liquor Store,Mexican Restaurant,Pharmacy,Pizza Place,Coffee Shop,Restaurant,43.6056466,-79.50132070000002
110,19,Montgomery Road,Etobicoke,Park,River,Pool,Yoga Studio,Donut Shop,Dim Sum Restaurant,Diner,Discount Store,Dog Run,Doner Restaurant,43.65365360000001,-79.5069436
111,23,Moore Park,Central Toronto,Playground,Gym,Restaurant,Yoga Studio,Donut Shop,Dim Sum Restaurant,Diner,Discount Store,Dog Run,Doner Restaurant,43.6895743,-79.38315990000002
112,16,Morningside,Scarborough,Pizza Place,Breakfast Spot,Medical Center,Electronics Store,Rental Car Location,Intersection,Mexican Restaurant,Yoga Studio,Doner Restaurant,Diner,43.7635726,-79.1887115
113,20,Mount Dennis,York,Discount Store,Restaurant,Sandwich Place,Bar,Convenience Store,Yoga Studio,Drugstore,Dog Run,Doner Restaurant,Donut Shop,43.6911158,-79.47601329999998
114,17,Mount Olive,Etobicoke,Grocery Store,Pharmacy,Fried Chicken Joint,Pizza Place,Coffee Shop,Discount Store,Sandwich Place,Beer Store,Japanese Restaurant,Fast Food Restaurant,43.7394164,-79.5884369
115,16,New Toronto,Etobicoke,Pet Store,Bakery,Fried Chicken Joint,Fast Food Restaurant,Liquor Store,Mexican Restaurant,Pharmacy,Pizza Place,Coffee Shop,Restaurant,43.6056466,-79.50132070000002
116,9,Newtonbrook,North York,Park,Yoga Studio,Dumpling Restaurant,Diner,Discount Store,Dog Run,Doner Restaurant,Donut Shop,Drugstore,Eastern European Restaurant,43.789053,-79.40849279999998
117,6,North Midtown,Central Toronto,Sandwich Place,Café,Coffee Shop,Pizza Place,Liquor Store,Burger Joint,Jewish Restaurant,Indian Restaurant,Pub,Cosmetics Shop,43.6727097,-79.40567840000001
118,11,North Park,North York,Basketball Court,Bakery,Park,Construction & Landscaping,Yoga Studio,Dog Run,Doner Restaurant,Donut Shop,Drugstore,Dumpling Restaurant,43.71375620000001,-79.4900738
119,6,North Toronto West,Central Toronto,Clothing Store,Coffee Shop,Sporting Goods Shop,Yoga Studio,Metro Station,Salon / Barbershop,Restaurant,Rental Car Location,Park,Mexican Restaurant,43.7153834,-79.40567840000001
120,24,Northwest,Etobicoke,Drugstore,Rental Car Location,Yoga Studio,Diner,Discount Store,Dog Run,Doner Restaurant,Donut Shop,Dumpling Restaurant,Dessert Shop,43.7067483,-79.5940544
121,6,Northwood Park,North York,Furniture / Home Store,Coffee Shop,Massage Studio,Metro Station,Bar,Caribbean Restaurant,Falafel Restaurant,Cosmetics Shop,Dog Run,Comic Shop,43.7679803,-79.48726190000002
122,11,Oakridge,Scarborough,Bakery,Fast Food Restaurant,Metro Station,Bus Line,Soccer Field,Park,Concert Hall,Dog Run,Falafel Restaurant,Event Space,43.7111117,-79.2845772
123,16,Old Burnhamthorpe,Etobicoke,Pharmacy,Beer Store,Pizza Place,Coffee Shop,Convenience Store,Café,Shopping Plaza,Liquor Store,Park,General Travel,43.6435152,-79.57720079999999
124,19,Old Mill North,Etobicoke,Park,River,Pool,Yoga Studio,Donut Shop,Dim Sum Restaurant,Diner,Discount Store,Dog Run,Doner Restaurant,43.65365360000001,-79.5069436
125,1,Old Mill South,Etobicoke,Breakfast Spot,Pool,Baseball Field,Yoga Studio,Dumpling Restaurant,Discount Store,Dog Run,Doner Restaurant,Donut Shop,Drugstore,43.6362579,-79.49850909999998
126,6,Oriole,North York,Clothing Store,Coffee Shop,Fast Food Restaurant,Japanese Restaurant,Toy / Game Store,Bakery,Shoe Store,Women's Store,Burger Joint,Restaurant,43.7785175,-79.3465557
127,16,Parkdale,West Toronto,Breakfast Spot,Gift Shop,Dessert Shop,Eastern European Restaurant,Dog Run,Bar,Bank,Italian Restaurant,Restaurant,Movie Theater,43.6489597,-79.456325
128,16,Parkdale Village,West Toronto,Coffee Shop,Breakfast Spot,Café,Performing Arts Venue,Yoga Studio,Stadium,Burrito Place,Restaurant,Caribbean Restaurant,Climbing Gym,43.6368472,-79.42819140000002
129,16,Parkview Hill,East York,Pizza Place,Fast Food Restaurant,Pharmacy,Gastropub,Café,Bank,Intersection,Athletics & Sports,Pet Store,Gym / Fitness Center,43.7063972,-79.309937
130,0,Parkwoods,North York,Food & Drink Shop,Park,Bus Stop,BBQ Joint,Yoga Studio,Discount Store,Dog Run,Doner Restaurant,Donut Shop,Drugstore,43.7532586,-79.3296565
131,10,Port Union,Scarborough,Golf Course,Bar,Dim Sum Restaurant,Discount Store,Dog Run,Doner Restaurant,Donut Shop,Drugstore,Dumpling Restaurant,Yoga Studio,43.7845351,-79.16049709999999
132,2,Princess Gardens,Etobicoke,Bank,Yoga Studio,Eastern European Restaurant,Dog Run,Doner Restaurant,Donut Shop,Drugstore,Dumpling Restaurant,Electronics Store,Diner,43.6509432,-79.55472440000001
133,6,Queen's Park,Queen's Park,Coffee Shop,Gym,Diner,Park,College Auditorium,Seafood Restaurant,Sandwich Place,Burger Joint,Burrito Place,Café,43.657162,-79.378937
134,13,Railway Lands,Downtown Toronto,Airport Terminal,Airport Lounge,Harbor / Marina,Airport Service,Coffee Shop,Sculpture Garden,Boat or Ferry,Boutique,Airport Gate,Airport,43.6289467,-79.3944199
135,14,Rathnelly,Central Toronto,Coffee Shop,Pub,American Restaurant,Bagel Shop,Restaurant,Fried Chicken Joint,Sports Bar,Supermarket,Sushi Restaurant,Pizza Place,43.68641229999999,-79.4000493
136,6,Regent Park,Downtown Toronto,Coffee Shop,Park,Café,Pub,Bakery,Mexican Restaurant,Breakfast Spot,Restaurant,Gym / Fitness Center,Theater,43.6542599,-79.3606359
137,6,Richmond,Downtown Toronto,Coffee Shop,Café,Bar,Steakhouse,Cosmetics Shop,Thai Restaurant,Burger Joint,Restaurant,Hotel,American Restaurant,43.65057120000001,-79.3845675
138,3,Richview Gardens,Etobicoke,Pizza Place,Park,Mobile Phone Shop,Bus Line,Donut Shop,Diner,Discount Store,Dog Run,Doner Restaurant,Drugstore,43.6889054,-79.55472440000001
139,6,Riverdale,East Toronto,Greek Restaurant,Coffee Shop,Italian Restaurant,Furniture / Home Store,Ice Cream Shop,Pizza Place,Spa,Bookstore,Brewery,Bubble Tea Shop,43.6795571,-79.352188
140,16,Roncesvalles,West Toronto,Breakfast Spot,Gift Shop,Dessert Shop,Eastern European Restaurant,Dog Run,Bar,Bank,Italian Restaurant,Restaurant,Movie Theater,43.6489597,-79.456325
141,8,Rosedale,Downtown Toronto,Park,Trail,Playground,Building,Yoga Studio,Diner,Discount Store,Dog Run,Doner Restaurant,Donut Shop,43.6795626,-79.37752940000001
142,16,Roselawn,Central Toronto,Garden,Home Service,Music Venue,Drugstore,Dim Sum Restaurant,Diner,Discount Store,Dog Run,Doner Restaurant,Donut Shop,43.7116948,-79.41693559999999
143,5,Rouge,Scarborough,Fast Food Restaurant,Print Shop,Drugstore,Dim Sum Restaurant,Diner,Discount Store,Dog Run,Doner Restaurant,Donut Shop,Yoga Studio,43.8066863,-79.19435340000003
144,10,Rouge Hill,Scarborough,Golf Course,Bar,Dim Sum Restaurant,Discount Store,Dog Run,Doner Restaurant,Donut Shop,Drugstore,Dumpling Restaurant,Yoga Studio,43.7845351,-79.16049709999999
145,1,Royal York South East,Etobicoke,Breakfast Spot,Pool,Baseball Field,Yoga Studio,Dumpling Restaurant,Discount Store,Dog Run,Doner Restaurant,Donut Shop,Drugstore,43.6362579,-79.49850909999998
146,16,Royal York South West,Etobicoke,Bakery,Burrito Place,Wings Joint,Hardware Store,Gym,Grocery Store,Discount Store,Fast Food Restaurant,Flower Shop,Tanning Salon,43.6288408,-79.52099940000002
147,6,Runnymede,York,Coffee Shop,Café,Pizza Place,Sushi Restaurant,Restaurant,Italian Restaurant,Diner,Brewery,Sandwich Place,Burrito Place,43.6515706,-79.4844499
148,6,Ryerson,Downtown Toronto,Coffee Shop,Clothing Store,Cosmetics Shop,Café,Japanese Restaurant,Theater,Italian Restaurant,Bakery,Fast Food Restaurant,Sporting Goods Shop,43.67318529999999,-79.48726190000002
149,21,Scarborough Town Centre,Scarborough,Indian Restaurant,Pet Store,Vietnamese Restaurant,Latin American Restaurant,Chinese Restaurant,Yoga Studio,Donut Shop,Diner,Discount Store,Dog Run,43.6571618,-79.37893709999999
150,8,Scarborough Village,Scarborough,Women's Store,Playground,Dumpling Restaurant,Diner,Discount Store,Dog Run,Doner Restaurant,Donut Shop,Drugstore,Eastern European Restaurant,43.7574096,-79.27330400000002
151,4,Scarborough Village West,Scarborough,American Restaurant,Motel,Dim Sum Restaurant,Discount Store,Dog Run,Doner Restaurant,Donut Shop,Drugstore,Dumpling Restaurant,Yoga Studio,43.7447342,-79.23947609999998
152,7,Silver Hills,North York,Park,Cafeteria,Yoga Studio,Drugstore,Diner,Discount Store,Dog Run,Doner Restaurant,Donut Shop,Eastern European Restaurant,43.716316,-79.23947609999998
153,17,Silverstone,Etobicoke,Grocery Store,Pharmacy,Fried Chicken Joint,Pizza Place,Coffee Shop,Discount Store,Sandwich Place,Beer Store,Japanese Restaurant,Fast Food Restaurant,43.7574902,-79.37471409999998
154,20,Silverthorn,York,Discount Store,Restaurant,Sandwich Place,Bar,Convenience Store,Yoga Studio,Drugstore,Dog Run,Doner Restaurant,Donut Shop,43.7394164,-79.5884369
155,14,South Hill,Central Toronto,Coffee Shop,Pub,American Restaurant,Bagel Shop,Restaurant,Fried Chicken Joint,Sports Bar,Supermarket,Sushi Restaurant,Pizza Place,43.6911158,-79.47601329999998
156,13,South Niagara,Downtown Toronto,Airport Terminal,Airport Lounge,Harbor / Marina,Airport Service,Coffee Shop,Sculpture Garden,Boat or Ferry,Boutique,Airport Gate,Airport,43.68641229999999,-79.4000493
157,17,South Steeles,Etobicoke,Grocery Store,Pharmacy,Fried Chicken Joint,Pizza Place,Coffee Shop,Discount Store,Sandwich Place,Beer Store,Japanese Restaurant,Fast Food Restaurant,43.6289467,-79.3944199
158,16,South of Bloor,Etobicoke,Bakery,Burrito Place,Wings Joint,Hardware Store,Gym,Grocery Store,Discount Store,Fast Food Restaurant,Flower Shop,Tanning Salon,43.7394164,-79.5884369
159,6,St. James Town,Downtown Toronto,Coffee Shop,Café,Restaurant,Italian Restaurant,Bakery,Park,Hotel,Gastropub,Breakfast Spot,Pizza Place,43.6288408,-79.52099940000002
160,3,St. Phillips,Etobicoke,Pizza Place,Park,Mobile Phone Shop,Bus Line,Donut Shop,Diner,Discount Store,Dog Run,Doner Restaurant,Drugstore,43.6514939,-79.3754179
161,8,Steeles East,Scarborough,Playground,Park,Yoga Studio,Dumpling Restaurant,Diner,Discount Store,Dog Run,Doner Restaurant,Donut Shop,Drugstore,43.667967,-79.3676753
162,6,Stn A PO Boxes 25 The Esplanade,Downtown Toronto,Coffee Shop,Restaurant,Café,Italian Restaurant,Beer Bar,Cocktail Bar,Hotel,Seafood Restaurant,Creperie,Pub,43.6889054,-79.55472440000001
163,6,Studio District,East Toronto,Café,Coffee Shop,Bakery,Italian Restaurant,American Restaurant,Yoga Studio,Comfort Food Restaurant,Brewery,Seafood Restaurant,Sandwich Place,43.8152522,-79.2845772
164,16,Sullivan,Scarborough,Pizza Place,Pharmacy,Thai Restaurant,Noodle House,Chinese Restaurant,Breakfast Spot,Bank,Italian Restaurant,Fried Chicken Joint,Fast Food Restaurant,43.6464352,-79.37484599999998
165,23,Summerhill East,Central Toronto,Playground,Gym,Restaurant,Yoga Studio,Donut Shop,Dim Sum Restaurant,Diner,Discount Store,Dog Run,Doner Restaurant,43.6595255,-79.340923
166,14,Summerhill West,Central Toronto,Coffee Shop,Pub,American Restaurant,Bagel Shop,Restaurant,Fried Chicken Joint,Sports Bar,Supermarket,Sushi Restaurant,Pizza Place,43.7816375,-79.3043021
167,1,Sunnylea,Etobicoke,Breakfast Spot,Pool,Baseball Field,Yoga Studio,Dumpling Restaurant,Discount Store,Dog Run,Doner Restaurant,Donut Shop,Drugstore,43.6895743,-79.38315990000002
168,6,Swansea,West Toronto,Coffee Shop,Café,Italian Restaurant,Restaurant,Pizza Place,Diner,Sushi Restaurant,Food,Smoothie Shop,Bookstore,43.68641229999999,-79.4000493
169,16,Tam O'Shanter,Scarborough,Pizza Place,Pharmacy,Thai Restaurant,Noodle House,Chinese Restaurant,Breakfast Spot,Bank,Italian Restaurant,Fried Chicken Joint,Fast Food Restaurant,43.6362579,-79.49850909999998
170,6,The Annex,Central Toronto,Sandwich Place,Café,Coffee Shop,Pizza Place,Liquor Store,Burger Joint,Jewish Restaurant,Indian Restaurant,Pub,Cosmetics Shop,43.6515706,-79.4844499
171,14,The Beaches,East Toronto,Trail,Health Food Store,Neighborhood,Pub,Yoga Studio,Dim Sum Restaurant,Diner,Discount Store,Dog Run,Doner Restaurant,43.7816375,-79.3043021
172,16,The Beaches West,East Toronto,Park,Sandwich Place,Gym,Brewery,Food & Drink Shop,Italian Restaurant,Steakhouse,Fish & Chips Shop,Fast Food Restaurant,Burrito Place,43.6727097,-79.40567840000001
173,6,The Danforth West,East Toronto,Greek Restaurant,Coffee Shop,Italian Restaurant,Furniture / Home Store,Ice Cream Shop,Pizza Place,Spa,Bookstore,Brewery,Bubble Tea Shop,43.67635739999999,-79.2930312
174,17,The Junction North,York,Caribbean Restaurant,Brewery,Grocery Store,Bus Line,Yoga Studio,Dumpling Restaurant,Dog Run,Doner Restaurant,Donut Shop,Drugstore,43.6689985,-79.31557159999998
175,16,The Junction South,West Toronto,Bar,Café,Mexican Restaurant,Park,Arts & Crafts Store,Discount Store,Bakery,Cajun / Creole Restaurant,Fried Chicken Joint,Furniture / Home Store,43.6795571,-79.352188
176,19,The Kingsway,Etobicoke,Park,River,Pool,Yoga Studio,Donut Shop,Dim Sum Restaurant,Diner,Discount Store,Dog Run,Doner Restaurant,43.67318529999999,-79.48726190000002
177,1,The Queensway East,Etobicoke,Breakfast Spot,Pool,Baseball Field,Yoga Studio,Dumpling Restaurant,Discount Store,Dog Run,Doner Restaurant,Donut Shop,Drugstore,43.6616083,-79.46476329999999
178,16,The Queensway West,Etobicoke,Bakery,Burrito Place,Wings Joint,Hardware Store,Gym,Grocery Store,Discount Store,Fast Food Restaurant,Flower Shop,Tanning Salon,43.65365360000001,-79.5069436
179,17,Thistletown,Etobicoke,Grocery Store,Pharmacy,Fried Chicken Joint,Pizza Place,Coffee Shop,Discount Store,Sandwich Place,Beer Store,Japanese Restaurant,Fast Food Restaurant,43.6362579,-79.49850909999998
180,16,Thorncliffe Park,East York,Indian Restaurant,Burger Joint,Yoga Studio,Bank,Housing Development,Liquor Store,Discount Store,Park,Pharmacy,Pizza Place,43.6288408,-79.52099940000002
181,6,Toronto Dominion Centre,Downtown Toronto,Coffee Shop,Café,Hotel,Restaurant,Gastropub,Bar,Bakery,American Restaurant,Italian Restaurant,Deli / Bodega,43.7394164,-79.5884369
182,6,Toronto Islands,Downtown Toronto,Coffee Shop,Hotel,Aquarium,Café,Fried Chicken Joint,Brewery,Scenic Lookout,Baseball Stadium,Sporting Goods Shop,Bakery,43.7053689,-79.34937190000002
183,6,Trinity,West Toronto,Bar,Coffee Shop,Asian Restaurant,Café,French Restaurant,Vietnamese Restaurant,Restaurant,Men's Store,Vegetarian / Vegan Restaurant,New American Restaurant,43.6471768,-79.38157640000001
184,6,Underground city,Downtown Toronto,Coffee Shop,Café,Hotel,Restaurant,American Restaurant,Burger Joint,Seafood Restaurant,Deli / Bodega,Steakhouse,Asian Restaurant,43.6408157,-79.38175229999997
185,6,Union Station,Downtown Toronto,Coffee Shop,Hotel,Aquarium,Café,Fried Chicken Joint,Brewery,Scenic Lookout,Baseball Stadium,Sporting Goods Shop,Bakery,43.647926700000006,-79.4197497
186,16,University of Toronto,Downtown Toronto,Café,Bakery,Bar,Japanese Restaurant,Bookstore,Sandwich Place,Restaurant,Poutine Place,Beer Bar,Beer Store,43.6484292,-79.3822802
187,11,Upwood Park,North York,Basketball Court,Bakery,Park,Construction & Landscaping,Yoga Studio,Dog Run,Doner Restaurant,Donut Shop,Drugstore,Dumpling Restaurant,43.6408157,-79.38175229999997
188,6,Victoria Hotel,Downtown Toronto,Coffee Shop,Café,Hotel,Restaurant,American Restaurant,Italian Restaurant,Gastropub,Deli / Bodega,Steakhouse,Gym,43.6626956,-79.4000493
189,6,Victoria Village,North York,Pizza Place,Coffee Shop,Hockey Arena,Portuguese Restaurant,Drugstore,Dim Sum Restaurant,Diner,Discount Store,Dog Run,Doner Restaurant,43.71375620000001,-79.4900738
190,2,West Deane Park,Etobicoke,Bank,Yoga Studio,Eastern European Restaurant,Dog Run,Doner Restaurant,Donut Shop,Drugstore,Dumpling Restaurant,Electronics Store,Diner,43.6481985,-79.37981690000002
191,16,West Hill,Scarborough,Pizza Place,Breakfast Spot,Medical Center,Electronics Store,Rental Car Location,Intersection,Mexican Restaurant,Yoga Studio,Doner Restaurant,Diner,43.7258823,-79.31557159999998
192,6,Westmount,Etobicoke,Pizza Place,Middle Eastern Restaurant,Coffee Shop,Discount Store,Sandwich Place,Chinese Restaurant,Intersection,Eastern European Restaurant,Dumpling Restaurant,Drugstore,43.6509432,-79.55472440000001
193,9,Weston,York,Park,Yoga Studio,Dumpling Restaurant,Diner,Discount Store,Dog Run,Doner Restaurant,Donut Shop,Drugstore,Eastern European Restaurant,43.7635726,-79.1887115
194,16,Wexford,Scarborough,Middle Eastern Restaurant,Breakfast Spot,Smoke Shop,Auto Garage,Bakery,Sandwich Place,Yoga Studio,Dog Run,Doner Restaurant,Donut Shop,43.696319,-79.53224240000002
195,21,Wexford Heights,Scarborough,Indian Restaurant,Pet Store,Vietnamese Restaurant,Latin American Restaurant,Chinese Restaurant,Yoga Studio,Donut Shop,Diner,Discount Store,Dog Run,43.706876,-79.51818840000001
196,9,Willowdale,North York,Park,Yoga Studio,Dumpling Restaurant,Diner,Discount Store,Dog Run,Doner Restaurant,Donut Shop,Drugstore,Eastern European Restaurant,43.7500715,-79.2958491
197,6,Willowdale South,North York,Ramen Restaurant,Coffee Shop,Sushi Restaurant,Japanese Restaurant,Sandwich Place,Pizza Place,Café,Ice Cream Shop,Steakhouse,Indonesian Restaurant,43.7574096,-79.27330400000002
198,17,Willowdale West,North York,Pizza Place,Home Service,Discount Store,Coffee Shop,Pharmacy,Grocery Store,Comfort Food Restaurant,Dessert Shop,Event Space,Ethiopian Restaurant,43.789053,-79.40849279999998
199,6,Wilson Heights,North York,Coffee Shop,Pet Store,Fast Food Restaurant,Sushi Restaurant,Deli / Bodega,Middle Eastern Restaurant,Restaurant,Fried Chicken Joint,Frozen Yogurt Shop,Diner,43.7701199,-79.40849279999998
200,6,Woburn,Scarborough,Coffee Shop,Pharmacy,Korean Restaurant,Dumpling Restaurant,Discount Store,Dog Run,Doner Restaurant,Donut Shop,Drugstore,Eastern European Restaurant,43.7827364,-79.4422593
201,16,Woodbine Gardens,East York,Pizza Place,Fast Food Restaurant,Pharmacy,Gastropub,Café,Bank,Intersection,Athletics & Sports,Pet Store,Gym / Fitness Center,43.7543283,-79.4422593
202,16,Woodbine Heights,East York,Skating Rink,Pharmacy,Beer Store,Curling Ice,Video Store,Cosmetics Shop,Park,Ethiopian Restaurant,Event Space,Empanada Restaurant,43.7709921,-79.21691740000001
203,7,York Mills,North York,Park,Cafeteria,Yoga Studio,Drugstore,Diner,Discount Store,Dog Run,Doner Restaurant,Donut Shop,Eastern European Restaurant,43.7063972,-79.309937
204,0,York Mills West,North York,Park,Bank,Convenience Store,Yoga Studio,Eastern European Restaurant,Dog Run,Doner Restaurant,Donut Shop,Drugstore,Dumpling Restaurant,43.69534390000001,-79.3183887
205,6,York University,North York,Furniture / Home Store,Coffee Shop,Massage Studio,Metro Station,Bar,Caribbean Restaurant,Falafel Restaurant,Cosmetics Shop,Dog Run,Comic Shop,43.7574902,-79.37471409999998
206,6,Yorkville,Central Toronto,Sandwich Place,Café,Coffee Shop,Pizza Place,Liquor Store,Burger Joint,Jewish Restaurant,Indian Restaurant,Pub,Cosmetics Shop,43.7527583,-79.4000493
